listing_id,listing_time,confirmation
JSCZPA4LN5,2020-07-12 03:55:17.005199,LxqNKG
F22H3AT0M8,2023-01-25 06:28:40.935444,ZSWtfu
NQC45K1C11,2024-08-28 12:19:18.949703,CiqXRe
AGGDOB63YT,2021-06-23 06:50:33.337184,ruXCuy
IGZ7Y2FFRK,2024-11-18 14:56:33.991904,NBTMEe
2Z6SFNW9AB,2025-03-07 22:00:51.352010,WLpcRA
DJ5MDZ7OPF,2023-02-01 13:37:32.383857,QYgivi
G02RY8VKKU,2023-07-19 02:54:54.665354,KngNif
TVXLHS46XT,2021-06-16 19:32:37.142860,GUxxbd
Z9T1MHF3AZ,2024-12-08 17:23:46.118455,MEvdZs
WIPY9KV309,2020-10-10 09:31:16.474393,sEuirr
98B1JQETQ2,2023-07-31 11:44:53.833872,SZxyrN
2TVYXDU4SQ,2021-11-02 08:18:57.718529,DDfTvc
STC2CG19HX,2023-10-28 23:35:18.180923,hBzWnp
9F9AKXYMXI,2022-11-11 23:53:17.150729,QPKsAY
KCACY8I175,2020-05-11 14:16:14.373085,jUBIrR
30EBV4AAY3,2025-03-04 02:51:26.364132,vEUaHD
7O4HOKOQ7B,2024-02-05 18:31:57.539151,CwTWoC
ZFHLEIK86K,2024-05-28 21:21:55.049983,wgDWGE
D8L3D3DT1D,2024-09-10 23:05:37.861471,xelEZo
5JBXUE67ET,2025-02-04 17:46:42.897547,TnPTpU
JQB4R0WGJY,2024-09-04 05:31:45.439004,CDdbqH
JS6TMTI8NM,2021-03-19 14:57:42.502143,ltSIjG
U7EQQ12ATW,2023-11-17 11:22:20.937389,MEjdii
AMII96THXX,2023-11-09 11:54:50.842845,acxEzt
IW9E0LVZ9J,2024-04-16 05:22:31.624893,uNIpxK
J74D9T03FN,2020-06-18 00:34:20.150913,fmQllO
P1V3AGOQJ9,2021-09-11 11:54:29.588128,DdshpX
K578YCPDFO,2023-08-13 16:49:50.253484,AWKVsI
4GWNM4M0DR,2024-02-26 22:04:55.324464,EaBDXE
ZVSPJ2WFQ8,2024-02-03 02:31:49.751511,CketAv
DPYGWXG9E4,2020-04-07 03:42:14.505566,ixLwjQ
A77I3IOZXG,2022-06-23 11:00:35.448141,dOWEFY
HA8T9TN224,2024-11-30 02:14:04.756689,kWIAym
6GEZVTQ4LM,2021-09-17 08:15:07.637472,aHWhTJ
LLI6O27B8U,2020-01-20 02:02:33.107476,UIYAFW
F1FNMMN93S,2020-05-04 11:17:20.409021,olhhtN
3CG9Q8KTRM,2024-02-28 00:45:13.991807,tjWJqz
CTCNM39UFH,2025-02-24 11:00:15.389774,HkSfZf
0I36HJH9V8,2024-05-01 15:03:39.569960,kfTxuF
HTIXDH6LG2,2020-01-08 18:33:03.289615,EzrBmG
XLOOJ3K2TM,2024-12-14 04:04:19.044013,XwlpLT
RLJGSRM500,2023-07-20 13:02:00.071073,YvrdAj
PPDEPPHACD,2020-10-04 10:26:10.791137,riwYes
RFGU85LFRD,2020-02-11 03:39:57.305892,digHIr
G9WG0OLCM9,2021-09-30 10:52:14.983101,VqKaoV
M0MREXL689,2020-07-03 02:44:07.915848,CHVoAH
F95UE48K40,2020-01-08 21:16:59.695538,unMdHK
KPQ7SSFFSS,2023-04-05 05:50:58.651152,eqfLVo
GRHASRDFTY,2020-02-24 16:49:50.066749,CkeHRI
VVMED2S1R5,2020-06-14 08:35:56.672035,YylZvJ
T464QRTPEC,2021-07-04 00:20:16.499003,fgmHLw
MS0T8CFIXJ,2024-10-12 13:20:48.119476,jDLCDN
ACAEK4GTWS,2021-06-27 15:55:36.718602,gBIEUo
3KGICQYVRG,2020-06-18 13:54:49.919210,XWFBNf
M0XMBKF23C,2020-01-23 16:11:26.426813,AXStPY
EZHV9TTN3Y,2024-12-24 05:05:57.140577,DKJjju
W5ZI3MPU56,2022-02-13 03:45:29.483367,YZtdBN
FD4W0H1G8O,2020-08-30 03:12:59.123228,aUhgxn
50UR8HLJQB,2021-02-09 13:57:01.253620,aGsMoR
ZSBOXOD07V,2024-05-13 10:38:51.064796,ANxhqI
QJICRB9W1C,2022-08-29 01:49:28.277783,hRNHVn
QGC036NWZ1,2023-08-05 20:40:46.473219,plTUJQ
GKEC48LJQV,2020-03-05 01:08:57.529578,PSZCDK
U3KAEYBFQ7,2023-06-11 18:52:25.045135,wsvnbA
PWCYEWS3U1,2020-08-13 14:27:25.577557,GNCiiK
4TU2JWMO7V,2021-03-02 07:00:43.306124,RaViHf
5DLMLXV6K3,2021-04-24 08:40:30.462486,sRWdwb
TSVCF1EC8P,2023-06-26 04:49:23.583790,pKOXDL
WTURAYENE1,2024-03-21 17:24:34.688108,CxaAck
OR2HLCBPVV,2020-03-02 00:33:47.526816,pVnqQK
SM9W3MH0IF,2023-06-04 13:24:04.857693,rZAghL
83YIXCGDG8,2024-06-22 11:42:01.463470,bBWzJf
57QIAJ11F3,2021-08-27 20:06:34.045282,lfbXFE
6L7JQZSX1G,2021-08-24 18:04:42.931318,kiLWoH
1W0FVPSRWW,2022-12-23 17:06:35.932716,LCmppg
D7TBS3RK1R,2023-02-12 03:00:43.499444,TISMxF
EZMWFM8PR5,2022-05-07 02:49:33.258893,FItOEQ
5O1O0II5YA,2020-03-01 12:30:23.449699,MvMyPE
GD39FAFV9K,2022-04-10 15:02:23.901233,DXqvrp
HB1YO4ZFUX,2023-08-13 21:50:10.520476,FmtPez
O5KYHDLBXT,2024-05-30 16:54:50.802643,lneGBK
VIT16XT73A,2024-01-31 06:26:51.856687,VnvYFi
4OUE4IRQHF,2020-05-13 05:37:21.462514,nFRJiV
118S5TDSRC,2020-03-13 02:19:06.717505,iRxNdU
X6XMMHDTNL,2023-10-13 09:14:30.163372,epZGdV
8WNDQB7OFW,2023-11-21 07:52:15.978302,qkqvfj
ZAH8FNUMQK,2021-08-28 07:35:45.224802,QOOfBR
6EH5FBXS1Z,2022-02-15 07:38:56.257623,MpCzGY
4R23SHH2ZZ,2024-05-13 04:56:07.813191,pJonrf
JUGKW23R3I,2024-04-02 07:38:39.777022,kHBHKq
EEUYT3Z1RR,2021-05-14 12:41:35.564550,uvdYgJ
R0Y05UZ6T0,2023-01-07 18:46:17.438820,MldSpE
98RUPW92PI,2022-07-09 13:43:37.327577,wETMxZ
0VZKMJ350O,2020-03-09 13:09:11.475927,FXReaB
854HOFT612,2020-03-31 08:21:59.821342,ORvmWJ
BGS3PZXT4F,2023-06-28 18:53:59.350931,aBfIsv
NMAJH7KRQ7,2022-08-20 23:38:58.470202,hoGtCV
Q7ISH3JICT,2024-05-14 16:08:12.654272,PWdDpZ
BRX8ZBMJ2M,2024-01-31 20:02:06.777546,sErNKp
