purchase_id,purchase_time,confirmation
5XO44E9J22,2024-07-25 22:07:15.689590,azcqRl
Z3UQ27TO6Z,2024-10-11 23:41:02.159466,glBxKj
R052TQZTPZ,2023-04-04 05:22:42.684931,mVxdSp
EY7HR7R18M,2020-08-05 05:12:02.889100,mcQvSg
FRXMN6FOGI,2020-03-23 11:16:11.737601,qScptT
VD2W9CJOC9,2024-10-01 00:45:11.580986,kKFTeD
5CZKPEPGE9,2021-06-18 05:46:16.996199,CnWmFq
5VYJOIPPER,2023-08-24 12:49:13.742094,ciZquV
IX0M937F7S,2022-03-08 22:13:31.331359,Qcobyv
PL91P8NYO8,2023-09-24 10:39:48.047425,puuQal
N8SYR87OK1,2022-09-12 14:17:42.760454,xJePuR
63C5KIHJ8H,2020-10-05 01:30:48.915911,SunFxz
MUGRK4TFYY,2022-06-24 16:24:31.852058,geGTsT
F6CB70XFO7,2022-08-17 06:44:09.399191,OWjQZt
3Z3FNE8QHY,2020-03-20 19:44:51.363854,arNouW
78BZZ9XCLP,2021-04-30 22:36:48.638414,RYJeUG
UM3A5AGC18,2020-05-02 23:08:42.420558,BjSeGU
O4FFJ1BW0I,2021-10-20 02:18:42.859206,HFCzFE
AUFQUH9YZL,2022-09-15 07:05:01.801768,haAKAd
N0MWQKJ31N,2023-02-11 02:36:31.413585,SARssV
XMUXPDBKNZ,2024-05-08 09:41:43.139801,yaoPKm
43RUHKNLF9,2023-10-12 10:01:59.480159,WhrlRr
IA973OB8X0,2024-07-31 16:22:54.589584,lHfbFm
K1PYJDR1IF,2021-09-21 16:55:23.828190,OaTKur
2DJGS3STQD,2021-03-21 21:16:00.759079,MfJqBt
ISP7C1PCBK,2020-03-31 12:47:22.842844,ogkvlZ
1T3RMOWAAQ,2023-04-19 16:46:07.304789,ccjrxs
AEF7V7H77B,2022-04-25 17:08:22.204890,EQeoEE
0JC3BSKIWZ,2022-10-01 00:10:10.406920,EqGHpc
VFRQQ7ZF2W,2021-06-09 22:05:50.096012,NQKfKc
BPLFXG5RRO,2023-08-06 19:14:14.950509,eZepmp
FCB3Z2GEZI,2024-01-27 00:02:05.242788,hFyXvM
7TTQ08YHVQ,2021-11-03 10:36:02.353188,mHYCvF
TCKHF6H7TN,2024-04-29 21:39:46.469673,gxgFvs
R30HDL94EH,2020-10-10 17:22:17.020957,PvnfMa
FAESRVBNW5,2023-03-04 02:14:45.934098,NBoMza
W37CU7KPW3,2021-09-15 05:10:48.228615,YLELsy
NDEW8CI27D,2024-03-17 03:26:48.723882,qPMrMU
G974U77BXV,2020-07-11 16:30:00.306142,vbfIZy
YRNTUK82PL,2022-12-21 04:51:54.966935,PaKSrc
A3FXBR8U1R,2020-09-04 04:04:07.262239,jBgAdi
03DOWPGM0O,2022-03-20 11:40:48.364584,JiiQkk
G4U662Q1QM,2021-06-26 08:24:38.242027,DzvBkm
ZLGO6ZJR8U,2020-09-21 20:42:23.686511,SfhhUe
R9VUJXXZ9F,2022-07-18 22:07:56.088395,yRaryA
7OHXDFALPM,2023-02-07 01:14:51.252254,pHpsTg
DH6PV5CYYJ,2023-09-15 02:04:27.626848,yuwIdu
03VP69B4UE,2024-12-24 11:12:20.461023,QNoTxE
7QFB02GLHR,2022-06-08 05:42:34.748044,HzaZlJ
HL6VFW8SFY,2020-05-03 17:14:32.072186,ojvxAi
